dataset,round,method,train_time,adj_r2,rmse,mae,nan_detected
feats10_snr10_N100000,0,torch_MP,0.7386366999999154,,,,True
feats10_snr10_N100000,1,torch_MP,0.7162121000001207,0.902602981525679,1.0950089429899494,0.8728504776954651,False
feats10_snr10_N100000,2,torch_MP,0.23292579999542795,0.9052126371876482,1.075298418719444,0.8581889271736145,False
feats10_snr10_N100000,3,torch_MP,0.22660669998731464,0.9058652597611296,1.073683227221459,0.8558194637298584,False
feats10_snr10_N100000,4,torch_MP,0.0057446999999228865,,,,True
feats10_snr10_N100000,5,torch_MP,0.46389290000661276,0.9046545068749658,1.0820960290570676,0.8638023734092712,False
feats10_snr10_N100000,6,torch_MP,0.2493471000052523,0.905895366128135,1.0753504669750347,0.8563132882118225,False
feats10_snr10_N100000,7,torch_MP,0.23532459998386912,0.9055778482852226,1.0722436120947416,0.8534955978393555,False
feats10_snr10_N100000,8,torch_MP,0.22219539998332039,0.9050782614426379,1.0759634380332985,0.8585737347602844,False
feats10_snr10_N100000,9,torch_MP,0.6603341000154614,0.905285965566691,1.0774924039462315,0.8598384261131287,False
feats10_snr10_N10000,0,torch_MP,0.18081580000580288,0.8965158434687408,0.7806266968512438,0.6207494735717773,False
feats10_snr10_N10000,1,torch_MP,0.3053871000010986,0.9002248903008065,0.772460127298386,0.6152113080024719,False
feats10_snr10_N10000,2,torch_MP,0.007023400015896186,,,,True
feats10_snr10_N10000,3,torch_MP,0.08773470000596717,0.862413193544421,0.8962564947512794,0.7085291147232056,False
feats10_snr10_N10000,4,torch_MP,0.37229659999138676,0.8942080438674679,0.7843979547188962,0.623956561088562,False
feats10_snr10_N10000,5,torch_MP,0.00791480002226308,,,,True
feats10_snr10_N10000,6,torch_MP,0.18416800000704825,0.9017378813543261,0.7708569256720519,0.6148233413696289,False
feats10_snr10_N10000,7,torch_MP,0.1095828999823425,0.8972224992199445,0.7734723324108801,0.6197811365127563,False
feats10_snr10_N10000,8,torch_MP,0.1679844000027515,0.6240772964911845,1.48274414419466,0.6354668140411377,False
feats10_snr10_N10000,9,torch_MP,0.00454549997812137,,,,True
feats10_snr10_N500000,0,torch_MP,0.02441679997718893,,,,True
feats10_snr10_N500000,1,torch_MP,1.177385899994988,0.9039129922892297,0.9829497843380001,0.7836878895759583,False
feats10_snr10_N500000,2,torch_MP,0.021773099986603484,,,,True
feats10_snr10_N500000,3,torch_MP,2.6755653000145685,0.8993572866647375,1.0069147295605005,0.8039922714233398,False
feats10_snr10_N500000,4,torch_MP,1.8600796999817248,0.9067707320837453,0.9677672169444064,0.7724766135215759,False
feats10_snr10_N500000,5,torch_MP,1.846540600003209,0.8950280877506964,1.0283598425821436,0.8198806047439575,False
feats10_snr10_N500000,6,torch_MP,2.7387961000204086,0.6570947098275832,1.856547859004461,1.5962498188018799,False
feats10_snr10_N500000,7,torch_MP,2.353871800005436,0.9079877884032167,0.9635074953085615,0.7684152722358704,False
feats10_snr10_N500000,8,torch_MP,2.4488803999847732,0.9052527198745192,0.9766118761931459,0.7768551111221313,False
feats10_snr10_N500000,9,torch_MP,0.01844280000659637,,,,True
feats10_snr3_N100000,0,torch_MP,0.00870160001795739,,,,True
feats10_snr3_N100000,1,torch_MP,0.16865860001416877,0.7428578827962002,1.8084079984846213,1.4435694217681885,False
feats10_snr3_N100000,2,torch_MP,0.26227549999020994,0.7444858920440882,1.8060763080862594,1.4410368204116821,False
feats10_snr3_N100000,3,torch_MP,0.39570419999654405,0.7457548307009397,1.810710747307711,1.4452691078186035,False
feats10_snr3_N100000,4,torch_MP,0.12566180000430904,0.7422207009139156,1.811366351532318,1.445459008216858,False
feats10_snr3_N100000,5,torch_MP,0.21662399999331683,0.7435361404940625,1.8072449369371493,1.4414650201797485,False
feats10_snr3_N100000,6,torch_MP,0.00459450000198558,,,,True
feats10_snr3_N100000,7,torch_MP,0.24307540000882,0.7414452682096795,1.8107131832245205,1.443251371383667,False
feats10_snr3_N100000,8,torch_MP,0.16115329999593087,0.7452256144238962,1.8032323081416477,1.4377002716064453,False
feats10_snr3_N100000,9,torch_MP,0.22639120000530966,0.7439686586972787,1.8101723292809269,1.4433614015579224,False
feats10_snr3_N10000,0,torch_MP,0.011604100000113249,,,,True
feats10_snr3_N10000,1,torch_MP,0.1764402999833692,0.723206609314299,1.5126486586979293,1.2009652853012085,False
feats10_snr3_N10000,2,torch_MP,0.005591000022832304,,,,True
feats10_snr3_N10000,3,torch_MP,0.0866820000228472,0.7184635588462809,1.529879365291581,1.2229899168014526,False
feats10_snr3_N10000,4,torch_MP,0.13308149998192675,0.7249289931216826,1.5263764032731226,1.2145622968673706,False
feats10_snr3_N10000,5,torch_MP,0.13703759998315945,0.733642263984986,1.5018043791652858,1.1988730430603027,False
feats10_snr3_N10000,6,torch_MP,0.027989900001557544,-1.8216735477986568,4.8794883215884,2.8498573303222656,False
feats10_snr3_N10000,7,torch_MP,0.18717829999513924,0.7213303761817716,1.5383219220009243,1.2218133211135864,False
feats10_snr3_N10000,8,torch_MP,0.00972230001934804,,,,True
feats10_snr3_N10000,9,torch_MP,0.011905999999726191,,,,True
feats10_snr3_N500000,0,torch_MP,0.03498260001651943,,,,True
feats10_snr3_N500000,1,torch_MP,0.013738699984969571,,,,True
feats10_snr3_N500000,2,torch_MP,0.021688599983463064,,,,True
feats10_snr3_N500000,3,torch_MP,0.02178989999811165,,,,True
feats10_snr3_N500000,4,torch_MP,0.2251354000181891,0.43294837812042763,1.6057906002237552,1.2546284198760986,False
feats10_snr3_N500000,5,torch_MP,0.014095199992880225,,,,True
feats10_snr3_N500000,6,torch_MP,2.266149100003531,0.7463767406720524,1.0738162864679135,0.8557887673377991,False
feats10_snr3_N500000,7,torch_MP,0.011114399996586144,,,,True
feats10_snr3_N500000,8,torch_MP,2.328850899997633,0.7421439263240112,1.0811748765194942,0.8624527454376221,False
feats10_snr3_N500000,9,torch_MP,0.10087679998832755,-0.8634202793349688,2.908179842187693,2.1679651737213135,False
feats20_snr10_N100000,0,torch_MP,0.3960823999950662,0.9011513963331278,1.4280089650500467,1.136654257774353,False
feats20_snr10_N100000,1,torch_MP,1.239446899999166,0.8979618680472611,1.4437555948784822,1.1458165645599365,False
feats20_snr10_N100000,2,torch_MP,0.30879220002680086,0.9004978083813352,1.4253057653748513,1.1362143754959106,False
feats20_snr10_N100000,3,torch_MP,0.1392002000065986,0.8930428152160295,1.4850077033565585,1.1599160432815552,False
feats20_snr10_N100000,4,torch_MP,0.30316270000184886,0.8964038350582647,1.4523741720459713,1.1560883522033691,False
feats20_snr10_N100000,5,torch_MP,0.2836640999885276,0.9001888135116892,1.4298292412874771,1.1392829418182373,False
feats20_snr10_N100000,6,torch_MP,0.9323918999871239,0.8980875052897049,1.444289386610381,1.1515101194381714,False
feats20_snr10_N100000,7,torch_MP,0.00919770001200959,,,,True
feats20_snr10_N100000,8,torch_MP,0.36925780001911335,0.9017619921388349,1.421941986182876,1.1338715553283691,False
feats20_snr10_N100000,9,torch_MP,0.791760099993553,0.9007792548855283,1.4247759057236902,1.1346626281738281,False
feats20_snr10_N10000,0,torch_MP,0.16230959998210892,0.8907119833362416,1.6770679718009063,1.333144187927246,False
feats20_snr10_N10000,1,torch_MP,0.11193810001714155,0.8909895999720355,1.6797064491799958,1.3337372541427612,False
feats20_snr10_N10000,2,torch_MP,0.10745969999697991,0.8906731445355022,1.6843688313613636,1.34028160572052,False
feats20_snr10_N10000,3,torch_MP,0.15266770002199337,0.878941552637571,1.7848773629938093,1.4142500162124634,False
feats20_snr10_N10000,4,torch_MP,0.010078199993586168,,,,True
feats20_snr10_N10000,5,torch_MP,0.4841172999877017,0.8703255626565842,1.852770125840206,1.3837659358978271,False
feats20_snr10_N10000,6,torch_MP,0.13122819998534396,0.8900113888212082,1.7153933954162228,1.3596934080123901,False
feats20_snr10_N10000,7,torch_MP,0.0058858999982476234,,,,True
feats20_snr10_N10000,8,torch_MP,0.09479619999183342,0.8925150252892133,1.6854097348115051,1.3405470848083496,False
feats20_snr10_N10000,9,torch_MP,0.14471280001453124,0.8878742374313671,1.6931676701111136,1.3517206907272339,False
feats20_snr10_N500000,0,torch_MP,1.2942694000084884,0.9036195659550278,1.2625560521439425,1.0070374011993408,False
feats20_snr10_N500000,1,torch_MP,1.773892600002,0.9027296570201764,1.268460946440831,1.0113168954849243,False
feats20_snr10_N500000,2,torch_MP,2.2989692999981344,0.9036090746982435,1.2620020214765897,1.0065391063690186,False
feats20_snr10_N500000,3,torch_MP,3.061736600007862,0.905876378351938,1.249462107321565,0.9973101615905762,False
feats20_snr10_N500000,4,torch_MP,3.4811427000095136,0.901215399087828,1.2747750775776432,1.015221357345581,False
feats20_snr10_N500000,5,torch_MP,1.4703492000116967,0.9043039416319673,1.2580526845267581,1.0029780864715576,False
feats20_snr10_N500000,6,torch_MP,1.473609699984081,0.9033773729077841,1.264103622616379,1.0071327686309814,False
feats20_snr10_N500000,7,torch_MP,3.944490099995164,0.903805964591191,1.2587953601380724,1.0044162273406982,False
feats20_snr10_N500000,8,torch_MP,1.4115019000018947,0.9037434343163796,1.2586701117188241,1.0041157007217407,False
feats20_snr10_N500000,9,torch_MP,1.8889789000095334,0.9042023671912822,1.2588845654017102,1.0033153295516968,False
feats20_snr3_N100000,0,torch_MP,0.2839793000021018,0.7376437975236945,2.111227733614347,1.6796311140060425,False
feats20_snr3_N100000,1,torch_MP,0.22302399997715838,0.732243661981482,2.1338526386767307,1.7051275968551636,False
feats20_snr3_N100000,2,torch_MP,0.2483178999973461,0.7389071464822412,2.101397426319225,1.675186038017273,False
feats20_snr3_N100000,3,torch_MP,0.32240299999830313,0.7346474059384807,2.124878374994792,1.6955070495605469,False
feats20_snr3_N100000,4,torch_MP,0.34031850000610575,0.7193811393403791,2.1795055901424427,1.73896062374115,False
feats20_snr3_N100000,5,torch_MP,0.27094400001806207,0.7391062460325591,2.1061549722758843,1.6813093423843384,False
feats20_snr3_N100000,6,torch_MP,0.15363580000121146,0.7352996224348503,2.119503317176795,1.6889054775238037,False
feats20_snr3_N100000,7,torch_MP,0.26668770000105724,0.7410114957575547,2.101646336581434,1.676679015159607,False
feats20_snr3_N100000,8,torch_MP,0.1815039000066463,0.7339630496824161,2.1247301491329487,1.6892257928848267,False
feats20_snr3_N100000,9,torch_MP,0.2334209000109695,0.7383314929755715,2.106745458449306,1.6820306777954102,False
feats20_snr3_N10000,0,torch_MP,0.10554160000174306,0.7245295520503015,2.7760658382391665,2.2229273319244385,False
feats20_snr3_N10000,1,torch_MP,0.0933153000078164,0.7162563488961798,2.829409144427045,2.246593475341797,False
feats20_snr3_N10000,2,torch_MP,0.07098170000244863,0.7189516659169868,2.803286146552275,2.2329657077789307,False
feats20_snr3_N10000,3,torch_MP,0.11929899998358451,0.7109538651681085,2.839276662505357,2.2747490406036377,False
feats20_snr3_N10000,4,torch_MP,0.11842529999557883,0.709507673398202,2.8696619317187797,2.281069278717041,False
feats20_snr3_N10000,5,torch_MP,0.007764499983750284,,,,True
feats20_snr3_N10000,6,torch_MP,0.1500432000029832,0.7175596928735363,2.795527980936644,2.2241885662078857,False
feats20_snr3_N10000,7,torch_MP,0.39747659998829477,0.6426993107838812,3.2167378775137765,2.316021680831909,False
feats20_snr3_N10000,8,torch_MP,0.11105310000129975,0.7211961775664992,2.806874392230576,2.243741035461426,False
feats20_snr3_N10000,9,torch_MP,0.009246900008292869,,,,True
feats20_snr3_N500000,0,torch_MP,1.0294035999977496,0.7447002733431254,2.338694906559382,1.8650377988815308,False
feats20_snr3_N500000,1,torch_MP,2.3637363000016194,0.7406922555950152,2.3584619233173543,1.8823162317276,False
feats20_snr3_N500000,2,torch_MP,1.2489868999982718,0.7439724424037097,2.3438548763970237,1.8689275979995728,False
feats20_snr3_N500000,3,torch_MP,1.2363345999910962,0.7450774817120542,2.339080839015136,1.8661224842071533,False
feats20_snr3_N500000,4,torch_MP,1.7169189999985974,0.745257740578622,2.3399370840368716,1.8666547536849976,False
feats20_snr3_N500000,5,torch_MP,2.27649739998742,0.7431752261069249,2.3472164713270574,1.8712482452392578,False
feats20_snr3_N500000,6,torch_MP,1.3463429000112228,0.7440151823532233,2.3450505018184793,1.870302677154541,False
feats20_snr3_N500000,7,torch_MP,1.3897588000108954,0.7455398123235291,2.3381322036383385,1.8667047023773193,False
feats20_snr3_N500000,8,torch_MP,1.6357710000011139,0.7433689567009543,2.347772833393742,1.8737832307815552,False
feats20_snr3_N500000,9,torch_MP,1.3747823000012431,0.7458028090561009,2.33752836322406,1.8638654947280884,False
feats5_snr10_N100000,0,torch_MP,0.23836479999590665,0.9078651917189623,0.953658501822,0.7611581087112427,False
feats5_snr10_N100000,1,torch_MP,0.10474249999970198,0.8881517258871506,1.0558856516287598,0.8407979607582092,False
feats5_snr10_N100000,2,torch_MP,0.006141699996078387,,,,True
feats5_snr10_N100000,3,torch_MP,0.0052069000084884465,,,,True
feats5_snr10_N100000,4,torch_MP,0.014398100000107661,,,,True
feats5_snr10_N100000,5,torch_MP,0.34417269998812117,0.907484935663574,0.9573964259151655,0.7637767195701599,False
feats5_snr10_N100000,6,torch_MP,0.23826339998049662,0.9088149675036467,0.9511039129961025,0.7587504982948303,False
feats5_snr10_N100000,7,torch_MP,0.005473400000482798,,,,True
feats5_snr10_N100000,8,torch_MP,0.12951570001314394,0.908388632449855,0.9556897784994205,0.7621954083442688,False
feats5_snr10_N100000,9,torch_MP,0.4313937000115402,0.9077468646661412,0.9529329638025092,0.7607832551002502,False
feats5_snr10_N10000,0,torch_MP,0.012247899983776733,,,,True
feats5_snr10_N10000,1,torch_MP,0.27377770000020973,0.9057821614006113,0.7693997575757027,0.6127200126647949,False
feats5_snr10_N10000,2,torch_MP,0.004804299998795614,,,,True
feats5_snr10_N10000,3,torch_MP,0.03533779998542741,-0.30477147172535224,2.8570916069066365,2.0939149856567383,False
feats5_snr10_N10000,4,torch_MP,0.1535069000092335,0.9019317841071532,0.7747403740544919,0.6129422783851624,False
feats5_snr10_N10000,5,torch_MP,0.00519749999511987,,,,True
feats5_snr10_N10000,6,torch_MP,0.09433190000709146,0.909070620118593,0.759930904033205,0.6059030890464783,False
feats5_snr10_N10000,7,torch_MP,0.04335419999551959,0.008539720134444817,2.4842934265179966,1.9706978797912598,False
feats5_snr10_N10000,8,torch_MP,0.005400200025178492,,,,True
feats5_snr10_N10000,9,torch_MP,0.005810300004668534,,,,True
feats5_snr10_N500000,0,torch_MP,0.01431230001617223,,,,True
feats5_snr10_N500000,1,torch_MP,0.5239966999797616,0.9071462060995245,0.9538469550771874,0.7614913582801819,False
feats5_snr10_N500000,2,torch_MP,0.013757799984887242,,,,True
feats5_snr10_N500000,3,torch_MP,0.017597600002773106,,,,True
feats5_snr10_N500000,4,torch_MP,0.017737499991199,,,,True
feats5_snr10_N500000,5,torch_MP,0.5079113999963738,0.9071140785534371,0.9564075228030282,0.7632709741592407,False
feats5_snr10_N500000,6,torch_MP,1.0326518999936525,0.9080711694764905,0.9500113737529724,0.7573642730712891,False
feats5_snr10_N500000,7,torch_MP,1.1940991999872494,0.9082990425909474,0.94892630762076,0.7573926448822021,False
feats5_snr10_N500000,8,torch_MP,1.6937408999947365,0.9054472609304522,0.9639244796901513,0.7686187028884888,False
feats5_snr10_N500000,9,torch_MP,0.12203830000362359,-0.26650243815179264,3.5328717853982456,2.677372455596924,False
feats5_snr3_N100000,0,torch_MP,0.3187737000116613,0.7489880838074455,1.6735217104399096,1.332007646560669,False
feats5_snr3_N100000,1,torch_MP,0.32254580000881106,0.7493138557689907,1.6674929080795167,1.3275290727615356,False
feats5_snr3_N100000,2,torch_MP,0.004607199982274324,,,,True
feats5_snr3_N100000,3,torch_MP,0.09893080001347698,0.7467585875341147,1.676018189083445,1.3365050554275513,False
feats5_snr3_N100000,4,torch_MP,0.3482871000014711,0.7405124094103099,1.6905962477969676,1.3467512130737305,False
feats5_snr3_N100000,5,torch_MP,0.11698009999236092,0.7489504099044818,1.6706140344147844,1.3332643508911133,False
feats5_snr3_N100000,6,torch_MP,0.005677299981471151,,,,True
feats5_snr3_N100000,7,torch_MP,0.4307762999960687,0.744753882855841,1.6781062290271311,1.336979866027832,False
feats5_snr3_N100000,8,torch_MP,0.5131727999832947,0.7471501099940285,1.6694862913041295,1.327581524848938,False
feats5_snr3_N100000,9,torch_MP,0.15131580000161193,0.7462587526031803,1.6715977519096672,1.3298472166061401,False
feats5_snr3_N10000,0,torch_MP,0.034897000005003065,-1.1427063845996148,6.258752721287261,4.280257701873779,False
feats5_snr3_N10000,1,torch_MP,0.005130999983521178,,,,True
feats5_snr3_N10000,2,torch_MP,0.005151099991053343,,,,True
feats5_snr3_N10000,3,torch_MP,0.005242300016107038,,,,True
feats5_snr3_N10000,4,torch_MP,0.08417919999919832,0.7390117327905341,2.19887094135787,1.7426304817199707,False
feats5_snr3_N10000,5,torch_MP,0.005059100018115714,,,,True
feats5_snr3_N10000,6,torch_MP,0.13394549998338334,0.7444254942879851,2.1701320542969635,1.7303199768066406,False
feats5_snr3_N10000,7,torch_MP,0.0837908000103198,0.7413539153769535,2.2040640270466385,1.7473328113555908,False
feats5_snr3_N10000,8,torch_MP,0.004205400007776916,,,,True
feats5_snr3_N10000,9,torch_MP,0.006942500011064112,,,,True
feats5_snr3_N500000,0,torch_MP,0.8284355999785475,0.7487948363540782,1.1441845678015905,0.9128710031509399,False
feats5_snr3_N500000,1,torch_MP,0.036458500020671636,,,,True
feats5_snr3_N500000,2,torch_MP,0.5473590999899898,0.7487203290579569,1.1416785717549967,0.9107503890991211,False
feats5_snr3_N500000,3,torch_MP,0.12396199998329394,-1.307542937160901,3.463031763771047,2.593040943145752,False
feats5_snr3_N500000,4,torch_MP,1.2825105000229087,0.7481978838975556,1.1453255250614294,0.9140241146087646,False
feats5_snr3_N500000,5,torch_MP,0.017904000007547438,,,,True
feats5_snr3_N500000,6,torch_MP,0.12306470001931302,-0.6891423931361929,2.960003627568677,2.2198336124420166,False
feats5_snr3_N500000,7,torch_MP,0.013738599984208122,,,,True
feats5_snr3_N500000,8,torch_MP,1.386492099991301,0.7474208622077677,1.1455594804823794,0.9137848615646362,False
feats5_snr3_N500000,9,torch_MP,0.637604800023837,0.7477959617393599,1.1458361481140704,0.9140592217445374,False
