dataset,round,method,train_time,adj_r2,rmse,mae
feats10_snr10_N10000,0,torch_gpu_optimized,1.5347461998462677,0.8894710148179896,0.8067612051963806,0.643093466758728
feats10_snr10_N10000,1,torch_gpu_optimized,1.0940201114863157,0.8917931154159289,0.8044388890266418,0.641567587852478
feats10_snr10_N10000,2,torch_gpu_optimized,1.0964465104043484,0.8862809232595518,0.8172354698181152,0.6540570855140686
feats10_snr10_N10000,3,torch_gpu_optimized,1.0362357031553984,0.8883172084659163,0.8074941635131836,0.6424093246459961
feats10_snr10_N10000,4,torch_gpu_optimized,1.2681347392499447,0.8890745108742664,0.8032030463218689,0.6383962035179138
feats10_snr10_N10000,5,torch_gpu_optimized,0.9739322755485773,0.8937278920104935,0.797722578048706,0.6421839594841003
feats10_snr10_N10000,6,torch_gpu_optimized,1.1225942764431238,0.8894662057536254,0.8175716400146484,0.6521254181861877
feats10_snr10_N10000,7,torch_gpu_optimized,0.9552358537912369,0.8925867858497467,0.7907230854034424,0.6317623853683472
feats10_snr10_N10000,8,torch_gpu_optimized,1.13659961335361,0.890986892898944,0.7984697222709656,0.6328192353248596
feats10_snr10_N10000,9,torch_gpu_optimized,1.6496085245162249,0.8738966115417734,0.8600772619247437,0.6854303479194641
feats10_snr10_N100000,0,torch_gpu_optimized,9.233436521142721,0.902856577538618,1.0915753841400146,0.869381308555603
feats10_snr10_N100000,1,torch_gpu_optimized,9.29656333103776,0.9019488535128839,1.0986777544021606,0.8769475817680359
feats10_snr10_N100000,2,torch_gpu_optimized,10.521530790254474,0.9034205727523894,1.0854156017303467,0.8674452900886536
feats10_snr10_N100000,3,torch_gpu_optimized,11.888125652447343,0.9016148318866977,1.0976530313491821,0.874163806438446
feats10_snr10_N100000,4,torch_gpu_optimized,13.140617551282048,0.904471179963064,1.083582878112793,0.8640421628952026
feats10_snr10_N100000,5,torch_gpu_optimized,14.428100518882275,0.9025970145899469,1.0937082767486572,0.8728217482566833
feats10_snr10_N100000,6,torch_gpu_optimized,11.850698634982109,0.9025703672548238,1.0941791534423828,0.871551513671875
feats10_snr10_N100000,7,torch_gpu_optimized,9.274593863636255,0.9036837447186181,1.082942008972168,0.8622809648513794
feats10_snr10_N100000,8,torch_gpu_optimized,13.090721379965544,0.9023722553068593,1.091191053390503,0.8713539838790894
feats10_snr10_N100000,9,torch_gpu_optimized,9.27034562267363,0.9031184216846024,1.0897516012191772,0.8697254657745361
feats10_snr10_N500000,0,torch_gpu_optimized,79.37924246303737,0.9053656511593363,0.975287675857544,0.7781665921211243
feats10_snr10_N500000,1,torch_gpu_optimized,59.88013636507094,0.9067146715767403,0.9685132503509521,0.7728959321975708
feats10_snr10_N500000,2,torch_gpu_optimized,85.88600689359009,0.9080621224019928,0.9627638459205627,0.767768383026123
feats10_snr10_N500000,3,torch_gpu_optimized,66.40556277520955,0.9068468197303059,0.9687232971191406,0.7730167508125305
feats10_snr10_N500000,4,torch_gpu_optimized,53.42970903776586,0.906957565923301,0.9667967557907104,0.7714995741844177
feats10_snr10_N500000,5,torch_gpu_optimized,53.482344871386886,0.906451669081403,0.9707927107810974,0.7745165824890137
feats10_snr10_N500000,6,torch_gpu_optimized,118.70955640077591,0.9076318971345627,0.9635618925094604,0.7693251967430115
feats10_snr10_N500000,7,torch_gpu_optimized,60.12492657080293,0.9070724323072648,0.9682875871658325,0.7727423906326294
feats10_snr10_N500000,8,torch_gpu_optimized,72.98965403810143,0.905927983024072,0.9731255173683167,0.7768476009368896
feats10_snr10_N500000,9,torch_gpu_optimized,79.47848066315055,0.9065082801564905,0.9705615043640137,0.7745612263679504
feats10_snr3_N10000,0,torch_gpu_optimized,0.9628203175961971,0.6815770231658788,1.6412402391433716,1.3126049041748047
feats10_snr3_N10000,1,torch_gpu_optimized,1.0884046256542206,0.6799983838791861,1.6264361143112183,1.2949285507202148
feats10_snr3_N10000,2,torch_gpu_optimized,0.9142977930605412,0.6903719821421505,1.6195409297943115,1.2974013090133667
feats10_snr3_N10000,3,torch_gpu_optimized,0.9581238962709904,0.6929288102041549,1.5977500677108765,1.2709027528762817
feats10_snr3_N10000,4,torch_gpu_optimized,0.9619954414665699,0.6933852939713177,1.6115206480026245,1.2851945161819458
feats10_snr3_N10000,5,torch_gpu_optimized,0.9166750777512789,0.6934139647807371,1.6112220287322998,1.285910964012146
feats10_snr3_N10000,6,torch_gpu_optimized,1.0869678799062967,0.6743635464057947,1.6576377153396606,1.3320420980453491
feats10_snr3_N10000,7,torch_gpu_optimized,1.086191788315773,0.6742719102593091,1.6631526947021484,1.3196593523025513
feats10_snr3_N10000,8,torch_gpu_optimized,0.9690750055015087,0.6959774018874432,1.5908390283584595,1.2679767608642578
feats10_snr3_N10000,9,torch_gpu_optimized,0.9229241088032722,0.6949178425526654,1.5993812084197998,1.2699425220489502
feats10_snr3_N100000,0,torch_gpu_optimized,9.566936919465661,0.7378511050086455,1.8444490432739258,1.4689124822616577
feats10_snr3_N100000,1,torch_gpu_optimized,10.896964507177472,0.7356151742726093,1.833695888519287,1.464599847793579
feats10_snr3_N100000,2,torch_gpu_optimized,12.210178021341562,0.7371307570247692,1.831888198852539,1.4616897106170654
feats10_snr3_N100000,3,torch_gpu_optimized,9.568327568471432,0.7375111886396712,1.8398300409317017,1.4678233861923218
feats10_snr3_N100000,4,torch_gpu_optimized,8.233176589012146,0.7368044902142672,1.8302931785583496,1.4603667259216309
feats10_snr3_N100000,5,torch_gpu_optimized,9.592969918623567,0.7366803747264798,1.8312348127365112,1.4599212408065796
feats10_snr3_N100000,6,torch_gpu_optimized,9.601784052327275,0.7388361206234928,1.8249273300170898,1.4550530910491943
feats10_snr3_N100000,7,torch_gpu_optimized,12.217678491026163,0.7299011237164403,1.850683331489563,1.4736043214797974
feats10_snr3_N100000,8,torch_gpu_optimized,14.869682041928172,0.7328831930715973,1.8463919162750244,1.4714759588241577
feats10_snr3_N100000,9,torch_gpu_optimized,9.573612885549664,0.7360287115511956,1.8380203247070312,1.465894103050232
feats10_snr3_N500000,0,torch_gpu_optimized,79.79626233316958,0.7460443043198562,1.0746747255325317,0.8574311137199402
feats10_snr3_N500000,1,torch_gpu_optimized,60.30502678826451,0.7458493862270109,1.0742732286453247,0.8569956421852112
feats10_snr3_N500000,2,torch_gpu_optimized,66.71480659395456,0.7447706580622739,1.0749409198760986,0.8573325276374817
feats10_snr3_N500000,3,torch_gpu_optimized,47.200391041114926,0.7449407484751058,1.076195478439331,0.8586984872817993
feats10_snr3_N500000,4,torch_gpu_optimized,112.54278081282973,0.7464477189826428,1.073768973350525,0.8560717105865479
feats10_snr3_N500000,5,torch_gpu_optimized,106.34935247339308,0.7467184999009051,1.0723837614059448,0.8552102446556091
feats10_snr3_N500000,6,torch_gpu_optimized,93.00342124141753,0.7453071104352345,1.076078176498413,0.8576269745826721
feats10_snr3_N500000,7,torch_gpu_optimized,119.30058776959777,0.7443788903106476,1.0786842107772827,0.8610231876373291
feats10_snr3_N500000,8,torch_gpu_optimized,47.16945284791291,0.7425891073510376,1.0802407264709473,0.8617429137229919
feats10_snr3_N500000,9,torch_gpu_optimized,92.99967132508755,0.7447675993366947,1.0763007402420044,0.8578701615333557
feats20_snr10_N10000,0,torch_gpu_optimized,1.1423577647656202,0.8831806421772233,1.7338967323303223,1.380033016204834
feats20_snr10_N10000,1,torch_gpu_optimized,1.0970847681164742,0.8555288386084251,1.9337049722671509,1.5358771085739136
feats20_snr10_N10000,2,torch_gpu_optimized,1.1334653478115797,0.8773478179080022,1.7840710878372192,1.4273457527160645
feats20_snr10_N10000,3,torch_gpu_optimized,1.0901976767927408,0.8724824552630848,1.8318785429000854,1.462881326675415
feats20_snr10_N10000,4,torch_gpu_optimized,1.1302583366632462,0.8606624237147481,1.881234049797058,1.4974967241287231
feats20_snr10_N10000,5,torch_gpu_optimized,1.0930785108357668,0.8523174677625129,1.9772390127182007,1.564523458480835
feats20_snr10_N10000,6,torch_gpu_optimized,1.1318467874079943,0.8730249150222031,1.843092918395996,1.4655743837356567
feats20_snr10_N10000,7,torch_gpu_optimized,1.0957068614661694,0.8718472647499411,1.819486141204834,1.4488599300384521
feats20_snr10_N10000,8,torch_gpu_optimized,1.1341312620788813,0.8670485590225326,1.8744657039642334,1.49769926071167
feats20_snr10_N10000,9,torch_gpu_optimized,1.0919798128306866,0.8638093263792901,1.8660402297973633,1.4932793378829956
feats20_snr10_N100000,0,torch_gpu_optimized,11.886329112574458,0.8901457478184579,1.5054081678390503,1.1995588541030884
feats20_snr10_N100000,1,torch_gpu_optimized,10.568794330582023,0.8906905087095605,1.4943130016326904,1.19040048122406
feats20_snr10_N100000,2,torch_gpu_optimized,11.85374683700502,0.8920128972785086,1.484832763671875,1.1835540533065796
feats20_snr10_N100000,3,torch_gpu_optimized,10.615427110344172,0.8971707706038834,1.4560670852661133,1.1619043350219727
feats20_snr10_N100000,4,torch_gpu_optimized,9.309552228078246,0.8934471280800662,1.4729537963867188,1.1737030744552612
feats20_snr10_N100000,5,torch_gpu_optimized,11.932749109342694,0.8935693074005054,1.4764801263809204,1.1770485639572144
feats20_snr10_N100000,6,torch_gpu_optimized,10.585002969950438,0.8942450470581864,1.471265196800232,1.1745051145553589
feats20_snr10_N100000,7,torch_gpu_optimized,11.909686166793108,0.8890264400777891,1.504845142364502,1.1973490715026855
feats20_snr10_N100000,8,torch_gpu_optimized,9.269912393763661,0.8950159619167546,1.4699550867080688,1.172203540802002
feats20_snr10_N100000,9,torch_gpu_optimized,10.609912946820259,0.8929606714747013,1.4798460006713867,1.1781951189041138
feats20_snr10_N500000,0,torch_gpu_optimized,53.55054948478937,0.9036061833102551,1.2626451253890991,1.0070304870605469
feats20_snr10_N500000,1,torch_gpu_optimized,60.118600215762854,0.9023654563484972,1.2708343267440796,1.0130895376205444
feats20_snr10_N500000,2,torch_gpu_optimized,92.75707194395363,0.9050717407014471,1.252389907836914,0.998306393623352
feats20_snr10_N500000,3,torch_gpu_optimized,60.088532673195004,0.9027396074613272,1.2701120376586914,1.0133804082870483
feats20_snr10_N500000,4,torch_gpu_optimized,53.61691804602742,0.9017599681448373,1.2712560892105103,1.0139579772949219
feats20_snr10_N500000,5,torch_gpu_optimized,53.59600007161498,0.9042338630228751,1.2585140466690063,1.004306674003601
feats20_snr10_N500000,6,torch_gpu_optimized,53.590340150520205,0.902921076558493,1.2670844793319702,1.0094268321990967
feats20_snr10_N500000,7,torch_gpu_optimized,47.094444673508406,0.9036383868812342,1.2598909139633179,1.0046381950378418
feats20_snr10_N500000,8,torch_gpu_optimized,73.30065258406103,0.9032689888799965,1.2617688179016113,1.0057109594345093
feats20_snr10_N500000,9,torch_gpu_optimized,66.61524199135602,0.9023651047950173,1.2708995342254639,1.0127118825912476
feats20_snr3_N10000,0,torch_gpu_optimized,0.9665142148733139,0.6190430624229136,3.264613151550293,2.6024980545043945
feats20_snr3_N10000,1,torch_gpu_optimized,0.9169119857251644,0.6594915438747961,3.0995378494262695,2.465104103088379
feats20_snr3_N10000,2,torch_gpu_optimized,0.966862490400672,0.6357955028681976,3.1911563873291016,2.533602714538574
feats20_snr3_N10000,3,torch_gpu_optimized,0.9589223116636276,0.641533186084695,3.161898374557495,2.5248379707336426
feats20_snr3_N10000,4,torch_gpu_optimized,0.9164244756102562,0.6339847624459685,3.2211523056030273,2.5535426139831543
feats20_snr3_N10000,5,torch_gpu_optimized,1.0875388123095036,0.5649505426503165,3.4883477687835693,2.791428804397583
feats20_snr3_N10000,6,torch_gpu_optimized,0.9592941924929619,0.6734328552831856,3.0059800148010254,2.3861489295959473
feats20_snr3_N10000,7,torch_gpu_optimized,1.0427993945777416,0.6699594273780034,3.0916025638580322,2.4636008739471436
feats20_snr3_N10000,8,torch_gpu_optimized,0.9683240950107574,0.6673721319896555,3.0658621788024902,2.432842493057251
feats20_snr3_N10000,9,torch_gpu_optimized,1.089483456686139,0.6798482225401772,3.008157968521118,2.4084997177124023
feats20_snr3_N100000,0,torch_gpu_optimized,10.926626924425364,0.710800876158711,2.2166011333465576,1.7658348083496094
feats20_snr3_N100000,1,torch_gpu_optimized,10.853252299129963,0.7242854549086593,2.1653337478637695,1.7246285676956177
feats20_snr3_N100000,2,torch_gpu_optimized,9.589219883084297,0.7132643295963575,2.2021780014038086,1.7533223628997803
feats20_snr3_N100000,3,torch_gpu_optimized,10.608349675312638,0.7152541702849551,2.2011594772338867,1.7587562799453735
feats20_snr3_N100000,4,torch_gpu_optimized,9.313943969085813,0.7182672916567727,2.1838276386260986,1.742059350013733
feats20_snr3_N100000,5,torch_gpu_optimized,9.282714692875743,0.7183545456572609,2.188317060470581,1.7481319904327393
feats20_snr3_N100000,6,torch_gpu_optimized,9.300718853250146,0.7183900966700514,2.1861557960510254,1.7454208135604858
feats20_snr3_N100000,7,torch_gpu_optimized,9.310952834784985,0.7160569041212985,2.2005670070648193,1.7564254999160767
feats20_snr3_N100000,8,torch_gpu_optimized,9.301146728917956,0.7217670414696127,2.172889471054077,1.731379508972168
feats20_snr3_N100000,9,torch_gpu_optimized,10.68560409359634,0.7170504915684137,2.190735101699829,1.7484943866729736
feats20_snr3_N500000,0,torch_gpu_optimized,60.13787015341222,0.7395835916654454,2.362015724182129,1.8839877843856812
feats20_snr3_N500000,1,torch_gpu_optimized,47.0786936301738,0.7394851736733808,2.3639426231384277,1.8863282203674316
feats20_snr3_N500000,2,torch_gpu_optimized,60.19088805653155,0.7354171480498607,2.3826940059661865,1.8999414443969727
feats20_snr3_N500000,3,torch_gpu_optimized,60.09830233640969,0.7407762664615076,2.358732223510742,1.8813400268554688
feats20_snr3_N500000,4,torch_gpu_optimized,53.62193073891103,0.738715109844823,2.3697962760925293,1.8889769315719604
feats20_snr3_N500000,5,torch_gpu_optimized,53.69185862503946,0.7406742037187335,2.3586182594299316,1.8811392784118652
feats20_snr3_N500000,6,torch_gpu_optimized,47.095739740878344,0.7328662139240099,2.3955750465393066,1.9070281982421875
feats20_snr3_N500000,7,torch_gpu_optimized,60.2989531904459,0.735236241476037,2.3849997520446777,1.9028904438018799
feats20_snr3_N500000,8,torch_gpu_optimized,53.6207865010947,0.7420114236507904,2.353976011276245,1.878691554069519
feats20_snr3_N500000,9,torch_gpu_optimized,47.03806912153959,0.7383769065396406,2.3714263439178467,1.890123963356018
feats5_snr10_N10000,0,torch_gpu_optimized,1.2613949831575155,0.8975037319740526,0.7930545210838318,0.6313210725784302
feats5_snr10_N10000,1,torch_gpu_optimized,1.0928507205098867,0.9036417084358028,0.778090238571167,0.6197042465209961
feats5_snr10_N10000,2,torch_gpu_optimized,1.271585477516055,0.899806946350389,0.7893502116203308,0.6290466785430908
feats5_snr10_N10000,3,torch_gpu_optimized,1.0888043884187937,0.9051958838336114,0.7701402902603149,0.6110868453979492
feats5_snr10_N10000,4,torch_gpu_optimized,1.1322960015386343,0.9043734899593047,0.7650340795516968,0.6081342101097107
feats5_snr10_N10000,5,torch_gpu_optimized,1.0896958988159895,0.9016294242119351,0.7814874053001404,0.6237335205078125
feats5_snr10_N10000,6,torch_gpu_optimized,1.132781084626913,0.9081195809944691,0.7638982534408569,0.6082761883735657
feats5_snr10_N10000,7,torch_gpu_optimized,1.089059779420495,0.9047639107020449,0.7699573636054993,0.6116824150085449
feats5_snr10_N10000,8,torch_gpu_optimized,1.0044295992702246,0.9035226127137324,0.7766366004943848,0.6196576356887817
feats5_snr10_N10000,9,torch_gpu_optimized,0.9646990243345499,0.9045973318392335,0.7763016819953918,0.6153364181518555
feats5_snr10_N100000,0,torch_gpu_optimized,8.01414741948247,0.902713995118688,0.9799548983573914,0.7819250822067261
feats5_snr10_N100000,1,torch_gpu_optimized,11.858438784256577,0.9058411637057733,0.9687966704368591,0.7724568843841553
feats5_snr10_N100000,2,torch_gpu_optimized,9.32366867363453,0.9072361201153449,0.958652913570404,0.7644093036651611
feats5_snr10_N100000,3,torch_gpu_optimized,9.264867005869746,0.9055757622721164,0.9674713611602783,0.772674560546875
feats5_snr10_N100000,4,torch_gpu_optimized,23.532920567318797,0.9044802854522243,0.9701099991798401,0.7732527256011963
feats5_snr10_N100000,5,torch_gpu_optimized,20.82531046308577,0.9075950127012405,0.95682692527771,0.7637354135513306
feats5_snr10_N100000,6,torch_gpu_optimized,14.462304662913084,0.9070858236549383,0.9600796103477478,0.7656402587890625
feats5_snr10_N100000,7,torch_gpu_optimized,11.89941474981606,0.9089331323915978,0.9498791098594666,0.7592942118644714
feats5_snr10_N100000,8,torch_gpu_optimized,11.843708958476782,0.9087383268427486,0.9538620114326477,0.7609702348709106
feats5_snr10_N100000,9,torch_gpu_optimized,15.728917302563787,0.9072814715089108,0.9553310871124268,0.7627753615379333
feats5_snr10_N500000,0,torch_gpu_optimized,47.091853979974985,0.9078204068659467,0.9529793858528137,0.7600641250610352
feats5_snr10_N500000,1,torch_gpu_optimized,73.23666553199291,0.9082630726015068,0.9480929970741272,0.7567119002342224
feats5_snr10_N500000,2,torch_gpu_optimized,99.39420598559082,0.9089567067177646,0.9466949701309204,0.755687952041626
feats5_snr10_N500000,3,torch_gpu_optimized,47.094238279387355,0.908262818647355,0.951546311378479,0.7588295340538025
feats5_snr10_N500000,4,torch_gpu_optimized,138.58793645352125,0.9084683881743776,0.9495935440063477,0.7574840784072876
feats5_snr10_N500000,5,torch_gpu_optimized,47.03976270183921,0.9086210370750485,0.9486161470413208,0.7569983601570129
feats5_snr10_N500000,6,torch_gpu_optimized,308.7108287625015,0.9085647366968288,0.9474570751190186,0.7553163170814514
feats5_snr10_N500000,7,torch_gpu_optimized,112.46240844018757,0.9082821587829837,0.94901442527771,0.7573954463005066
feats5_snr10_N500000,8,torch_gpu_optimized,151.933144537732,0.9085762970702658,0.9478405714035034,0.7559418082237244
feats5_snr10_N500000,9,torch_gpu_optimized,229.3904305808246,0.9090112278230691,0.9469318985939026,0.7555676102638245
feats5_snr3_N10000,0,torch_gpu_optimized,1.2573320679366589,0.7440099538453406,2.163294792175293,1.7154829502105713
feats5_snr3_N10000,1,torch_gpu_optimized,0.9599107559770346,0.743845331437039,2.1794114112854004,1.733149766921997
feats5_snr3_N10000,2,torch_gpu_optimized,1.3892702851444483,0.7405746287683795,2.191896438598633,1.7386003732681274
feats5_snr3_N10000,3,torch_gpu_optimized,1.3834625259041786,0.7331340005060344,2.2078182697296143,1.748961091041565
feats5_snr3_N10000,4,torch_gpu_optimized,1.087296899408102,0.7317389483068144,2.229290246963501,1.7654136419296265
feats5_snr3_N10000,5,torch_gpu_optimized,1.1309261433780193,0.7225876398958211,2.229353666305542,1.7647699117660522
feats5_snr3_N10000,6,torch_gpu_optimized,0.9598551318049431,0.7366997892891978,2.2026805877685547,1.7590699195861816
feats5_snr3_N10000,7,torch_gpu_optimized,1.1324262898415327,0.7439743048664084,2.1928718090057373,1.7365206480026245
feats5_snr3_N10000,8,torch_gpu_optimized,0.9764037802815437,0.7324618886836465,2.2190213203430176,1.7612687349319458
feats5_snr3_N10000,9,torch_gpu_optimized,0.9616839587688446,0.7402234264895429,2.1999220848083496,1.7395508289337158
feats5_snr3_N100000,0,torch_gpu_optimized,22.2873298432678,0.746327647827064,1.6823636293411255,1.3402541875839233
feats5_snr3_N100000,1,torch_gpu_optimized,10.558520363643765,0.7476185483944839,1.673119306564331,1.3334100246429443
feats5_snr3_N100000,2,torch_gpu_optimized,8.01719718426466,0.7446197362441347,1.6804348230361938,1.3381024599075317
feats5_snr3_N100000,3,torch_gpu_optimized,9.305889220908284,0.7464174292216914,1.6771421432495117,1.3372982740402222
feats5_snr3_N100000,4,torch_gpu_optimized,13.117083296179771,0.7443146420208749,1.6781628131866455,1.3388886451721191
feats5_snr3_N100000,5,torch_gpu_optimized,7.964510750025511,0.7478582986083886,1.6742439270019531,1.3366878032684326
feats5_snr3_N100000,6,torch_gpu_optimized,15.716615252196789,0.7428307957956295,1.6843193769454956,1.340679407119751
feats5_snr3_N100000,7,torch_gpu_optimized,7.985396398231387,0.7385680015370744,1.6983178853988647,1.3546758890151978
feats5_snr3_N100000,8,torch_gpu_optimized,9.312157597392797,0.7474754961751304,1.6684104204177856,1.3274462223052979
feats5_snr3_N100000,9,torch_gpu_optimized,7.9611302725970745,0.7453510407094083,1.674584984779358,1.3329856395721436
feats5_snr3_N500000,0,torch_gpu_optimized,73.1731275729835,0.7485503828800848,1.1447397470474243,0.9134129881858826
feats5_snr3_N500000,1,torch_gpu_optimized,125.66595749743283,0.7504945436206463,1.141308307647705,0.9110507965087891
feats5_snr3_N500000,2,torch_gpu_optimized,185.46130012907088,0.7485274280127612,1.1421160697937012,0.911167323589325
feats5_snr3_N500000,3,torch_gpu_optimized,47.17768533527851,0.7479585261757153,1.1445034742355347,0.9131074547767639
feats5_snr3_N500000,4,torch_gpu_optimized,177.93469106778502,0.7490960640618728,1.1432803869247437,0.9122205972671509
feats5_snr3_N500000,5,torch_gpu_optimized,60.20444713532925,0.7496384085558685,1.1428279876708984,0.9113351106643677
feats5_snr3_N500000,6,torch_gpu_optimized,60.11214513517916,0.7464657948775164,1.14677095413208,0.9142970442771912
feats5_snr3_N500000,7,torch_gpu_optimized,125.54370569996536,0.7487493989538787,1.1424962282180786,0.9118838310241699
feats5_snr3_N500000,8,torch_gpu_optimized,79.74705455824733,0.7484675567201109,1.143182635307312,0.9118568897247314
feats5_snr3_N500000,9,torch_gpu_optimized,79.91087545268238,0.7487329555611166,1.1437033414840698,0.9125533699989319
